Nome,Posizione,Durata,Data,Evento,Portiere,Quartetto,Quartetto,Quartetto,Quartetto,Chi,Esito,Field Position,Squadra,Piede,Casella di gruppo
Inizio avversario (1),0:17:16.500,0:00:10.000,06/01/2025,Inizio avversario,bara,deba,erick,fabri,mattia,,,,,,
Palla recuperata (1),0:17:25.000,0:00:10.000,06/01/2025,Palla recuperata,bara,deba,erick,fabri,mattia,fabri,Fuori,0,,,
Laterale (1),0:17:28.033,0:00:07.000,06/01/2025,Laterale,bara,deba,erick,fabri,mattia,,,0,Loro,,
Laterale (2),0:18:11.600,0:00:07.000,06/01/2025,Laterale,bara,deba,erick,fabri,mattia,,,3,Loro,,
Lancio (1),0:18:40.500,0:00:10.000,06/01/2025,Lancio,bara,deba,erick,fabri,mattia,,Intercetto,,Noi,,
Angolo (1),0:18:56.833,0:00:08.000,06/01/2025,Angolo,bara,deba,erick,fabri,mattia,,,,Noi,,
Tiro (1),0:19:00.533,0:00:07.000,06/01/2025,Tiro,bara,deba,erick,fabri,mattia,mattia,Ribattuto,7,Noi,Sx,
Laterale (3),0:19:06.500,0:00:07.000,06/01/2025,Laterale,bara,deba,erick,fabri,mattia,,,4,Noi,,
Laterale (4),0:19:26.700,0:00:07.000,06/01/2025,Laterale,bara,deba,erick,fabri,mattia,,,6,Noi,,
Palla persa (1),0:19:34.233,0:00:10.000,06/01/2025,Palla persa,bara,deba,erick,fabri,mattia,fabri,Fuori,3,,,
Laterale (5),0:19:50.866,0:00:07.000,06/01/2025,Laterale,bara,deba,erick,fabri,mattia,,,0,Noi,,
Laterale (6),0:20:01.133,0:00:07.000,06/01/2025,Laterale,bara,deba,erick,fabri,mattia,,,0,Loro,,
Laterale (7),0:20:12.100,0:00:07.000,06/01/2025,Laterale,bara,deba,erick,fabri,mattia,,,1,Loro,,
Laterale (8),0:20:51.066,0:00:07.000,06/01/2025,Laterale,bara,deba,erick,fabri,mattia,,,6,Loro,,
Tiro (2),0:20:57.333,0:00:07.000,06/01/2025,Tiro,bara,deba,erick,fabri,mattia,,Ribattuto,6,Loro,Dx,
Laterale (9),0:21:07.933,0:00:07.000,06/01/2025,Laterale,bara,deba,erick,fabri,mattia,,,0,Loro,,
Tiro (3),0:21:23.966,0:00:07.000,06/01/2025,Tiro,bara,deba,erick,fabri,mattia,,,2,Loro,Sx,
Gol (1),0:21:30.300,0:00:07.000,06/01/2025,Gol,bara,deba,erick,fabri,mattia,,,8,Loro,Sx,
Inizio (1),0:21:59.066,0:00:10.000,06/01/2025,Inizio,bara,deba,erick,fabri,mattia,,,,,,
Laterale (10),0:22:15.733,0:00:07.000,06/01/2025,Laterale,bara,deba,erick,fabri,mattia,,,3,Loro,,
Palla recuperata (2),0:22:21.133,0:00:10.000,06/01/2025,Palla recuperata,bara,deba,erick,fabri,mattia,erick,Costruzione,6,,,
Palla persa (2),0:22:28.000,0:00:10.000,06/01/2025,Palla persa,bara,deba,erick,fabri,mattia,erick,Costruzione,5,,,
Tiro (4),0:22:34.933,0:00:07.000,06/01/2025,Tiro,bara,deba,erick,fabri,mattia,,Fuori,4,Loro,Sx,
Laterale (11),0:23:09.500,0:00:07.000,06/01/2025,Laterale,bara,fabri,ricky,nic,diego jr,,,1,Noi,,
Laterale (12),0:23:32.000,0:00:07.000,06/01/2025,Laterale,bara,fabri,ricky,nic,diego jr,,,0,Loro,,
Palla recuperata (3),0:23:50.133,0:00:10.000,06/01/2025,Palla recuperata,bara,ricky,nic,diego jr,digao,digao,Costruzione,0,,,
Laterale (13),0:24:27.466,0:00:07.000,06/01/2025,Laterale,bara,ricky,nic,diego jr,digao,,,0,Loro,,
Palla recuperata (4),0:24:36.133,0:00:10.000,06/01/2025,Palla recuperata,bara,ricky,nic,diego jr,digao,digao,Tiro,1,,,
Tiro (5),0:24:36.133,0:00:07.000,06/01/2025,Tiro,bara,ricky,nic,diego jr,digao,digao,Parata,4,Noi,Dx,
3v2 (1),0:24:40.133,0:00:10.000,06/01/2025,,bara,ricky,nic,diego jr,digao,,No Gol,,Loro,,3v2
Parata (1),0:24:44.100,0:00:10.000,06/01/2025,Parata,bara,ricky,nic,diego jr,digao,,,,Noi,,
Laterale (14),0:25:22.400,0:00:07.000,06/01/2025,Laterale,bara,ricky,nic,diego jr,digao,,,0,Loro,,
Palla recuperata (5),0:25:37.900,0:00:10.000,06/01/2025,Palla recuperata,bara,ricky,nic,diego jr,digao,diego jr,Costruzione,2,,,
Palla persa (3),0:25:41.533,0:00:10.000,06/01/2025,Palla persa,bara,ricky,nic,diego jr,digao,digao,,2,,,
Fallo (1),0:25:48.500,0:00:04.000,06/01/2025,Fallo,bara,ricky,nic,diego jr,digao,digao,,1,,,
Punizione (1),0:26:09.833,0:00:06.000,06/01/2025,Punizione,bara,ricky,nic,diego jr,digao,,Parata,1,Loro,Sx,
Tiro (6),0:26:33.866,0:00:07.000,06/01/2025,Tiro,bara,ricky,nic,diego jr,digao,,Ribattuto,7,Loro,Sx,
Angolo (2),0:26:52.833,0:00:08.000,06/01/2025,Angolo,bara,ricky,nic,diego jr,fabri,,,,Loro,,
Palla persa (4),0:27:34.100,0:00:10.000,06/01/2025,Palla persa,bara,ricky,nic,diego jr,fabri,bara,Fuori,0,,,
Palla recuperata (6),0:27:54.000,0:00:10.000,06/01/2025,Palla recuperata,bara,deba,diego jr,fabri,scanta,deba,Fuori,0,,,
Laterale (15),0:28:02.466,0:00:07.000,06/01/2025,Laterale,bara,deba,diego jr,fabri,scanta,,,0,Loro,,
Laterale (16),0:28:21.200,0:00:07.000,06/01/2025,Laterale,bara,deba,diego jr,fabri,scanta,,,6,Noi,,
Laterale (17),0:28:41.266,0:00:07.000,06/01/2025,Laterale,bara,deba,diego jr,fabri,scanta,,,0,Noi,,
Laterale (18),0:29:16.033,0:00:07.000,06/01/2025,Laterale,bara,deba,fabri,scanta,mattia,,,3,Loro,,
Palla recuperata (7),0:29:30.666,0:00:10.000,06/01/2025,Palla recuperata,bara,deba,fabri,scanta,mattia,fabri,Costruzione,5,,,
Laterale (19),0:29:39.900,0:00:07.000,06/01/2025,Laterale,bara,deba,fabri,scanta,mattia,,,0,Noi,,
Angolo (3),0:30:00.533,0:00:08.000,06/01/2025,Angolo,bara,deba,fabri,scanta,mattia,,,,Noi,,
Tiro (7),0:30:01.300,0:00:07.000,06/01/2025,Tiro,bara,deba,fabri,scanta,mattia,fabri,Ribattuto,2,Noi,Dx,
Lancio (2),0:30:08.500,0:00:10.000,06/01/2025,Lancio,bara,deba,fabri,scanta,mattia,,Fuori,,Noi,,
3v2 (2),0:30:43.700,0:00:10.000,06/01/2025,,bara,deba,fabri,scanta,mattia,,No Gol,,Loro,,3v2
Tiro (8),0:30:46.466,0:00:07.000,06/01/2025,Tiro,bara,deba,fabri,scanta,mattia,,Fuori,5,Loro,Dx,
Tiro (9),0:31:03.300,0:00:07.000,06/01/2025,Tiro,bara,deba,fabri,scanta,mattia,mattia,Fuori,6,Noi,Sx,
Laterale (20),0:31:35.100,0:00:07.000,06/01/2025,Laterale,bara,deba,fabri,scanta,mattia,,,6,Noi,,
Tiro (10),0:31:39.166,0:00:07.000,06/01/2025,Tiro,bara,deba,fabri,scanta,mattia,deba,Fuori,5,Noi,Dx,
Palla persa (5),0:31:53.400,0:00:10.000,06/01/2025,Palla persa,bara,deba,fabri,scanta,mattia,scanta,Ripartenza,0,,,
3v2 (3),0:31:56.066,0:00:10.000,06/01/2025,,bara,deba,fabri,mattia,scanta,,Gol,,,,3v2
Autogol (1),0:32:00.100,0:00:10.000,06/01/2025,Autogol,bara,deba,fabri,mattia,scanta,mattia,,8,Noi,Sx,
Inizio (2),0:32:30.400,0:00:10.000,06/01/2025,Inizio,bara,deba,fabri,mattia,scanta,,,,,,
Palla persa (6),0:32:41.800,0:00:10.000,06/01/2025,Palla persa,bara,deba,fabri,mattia,scanta,mattia,Costruzione,5,,,
Palla recuperata (8),0:32:44.633,0:00:10.000,06/01/2025,Palla recuperata,bara,deba,fabri,mattia,scanta,mattia,,1,,,
Palla persa (7),0:32:47.566,0:00:10.000,06/01/2025,Palla persa,bara,deba,fabri,mattia,scanta,deba,,0,,,
Da rivedere (1),0:32:48.633,0:00:10.000,06/01/2025,Da rivedere,bara,deba,fabri,mattia,scanta,,,,,,
Palla recuperata (9),0:32:54.033,0:00:10.000,06/01/2025,Palla recuperata,bara,deba,fabri,mattia,scanta,fabri,Ripartenza,1,,,
3v2 (4),0:32:54.833,0:00:10.000,06/01/2025,,bara,deba,fabri,mattia,scanta,,No Gol,,,,3v2
Palla persa (8),0:32:56.533,0:00:10.000,06/01/2025,Palla persa,bara,deba,fabri,mattia,scanta,fabri,Ripartenza,0,,,
3v2 (5),0:32:58.466,0:00:10.000,06/01/2025,,bara,deba,fabri,mattia,scanta,,Gol,,,,3v2
Gol (2),0:33:03.133,0:00:07.000,06/01/2025,Gol,bara,deba,fabri,mattia,scanta,,,8,Loro,Sx,
Ammonizione (1),0:33:30.066,0:00:10.000,06/01/2025,Ammonizione,bara,deba,fabri,mattia,scanta,scanta,,,Noi,,
Inizio (3),0:33:56.233,0:00:10.000,06/01/2025,Inizio,bara,nic,ricky,diego jr,digao,,,,,,
Palla persa (9),0:34:05.733,0:00:10.000,06/01/2025,Palla persa,bara,nic,ricky,diego jr,digao,diego jr,Ripartenza,0,,,
3v2 (6),0:34:05.733,0:00:10.000,06/01/2025,,bara,nic,ricky,diego jr,digao,,No Gol,,,,3v2
Da rivedere (2),0:34:23.900,0:00:10.000,06/01/2025,Da rivedere,bara,nic,ricky,diego jr,digao,,,,,,
Laterale (21),0:34:35.000,0:00:07.000,06/01/2025,Laterale,bara,nic,ricky,diego jr,digao,,,4,Loro,,
Palla recuperata (10),0:34:41.400,0:00:10.000,06/01/2025,Palla recuperata,bara,nic,ricky,diego jr,digao,digao,Fuori,3,,,
Timeout (1),0:34:52.733,0:00:10.000,06/01/2025,Timeout,bara,nic,ricky,diego jr,digao,,,,Noi,,
Laterale (22),0:35:56.066,0:00:07.000,06/01/2025,Laterale,bara,nic,ricky,diego jr,digao,,,0,Noi,,
Laterale (23),0:36:11.366,0:00:07.000,06/01/2025,Laterale,bara,nic,ricky,diego jr,digao,,,1,Noi,,
Laterale (24),0:36:29.000,0:00:07.000,06/01/2025,Laterale,bara,nic,ricky,diego jr,digao,,,0,Loro,,
Palla recuperata (11),0:36:40.333,0:00:10.000,06/01/2025,Palla recuperata,bara,nic,ricky,diego jr,digao,diego jr,,2,,,
Palla persa (10),0:36:44.033,0:00:10.000,06/01/2025,Palla persa,bara,nic,ricky,diego jr,digao,diego jr,Ripartenza,0,,,
3v2 (7),0:36:45.766,0:00:10.000,06/01/2025,,bara,nic,ricky,diego jr,digao,,No Gol,,,,3v2
Laterale (25),0:36:59.366,0:00:07.000,06/01/2025,Laterale,bara,nic,ricky,diego jr,digao,,,0,Noi,,
Laterale (26),0:37:28.066,0:00:07.000,06/01/2025,Laterale,bara,nic,ricky,diego jr,digao,,,0,Loro,,
Palla persa (11),0:38:32.333,0:00:10.000,06/01/2025,Palla persa,bara,nic,ricky,diego jr,fabri,nic,Ripartenza,,,,
3v2 (8),0:38:37.600,0:00:10.000,06/01/2025,,bara,nic,ricky,diego jr,fabri,,No Gol,,Loro,,3v2
Palla recuperata (12),0:38:40.066,0:00:10.000,06/01/2025,Palla recuperata,bara,nic,ricky,diego jr,fabri,fabri,Costruzione,7,,,
Timeout (2),0:38:53.633,0:00:10.000,06/01/2025,Timeout,bara,nic,ricky,diego jr,fabri,,,,Loro,,
Laterale (27),0:40:07.366,0:00:07.000,06/01/2025,Laterale,bara,nic,ricky,fabri,erick,,,7,Loro,,
Parata (2),0:40:09.133,0:00:10.000,06/01/2025,Parata,bara,nic,ricky,fabri,erick,,,,Noi,,
Palla persa (12),0:40:32.866,0:00:10.000,06/01/2025,Palla persa,bara,nic,ricky,fabri,erick,ricky,Ripartenza,0,,,
1v1 (1),0:40:33.933,0:00:10.000,06/01/2025,,bara,nic,ricky,fabri,erick,,No Gol,,Noi,,1v1
Tiro (11),0:40:56.833,0:00:07.000,06/01/2025,Tiro,bara,nic,ricky,fabri,erick,ricky,Ribattuto,2,Noi,Dx,
Palla recuperata (13),0:41:05.266,0:00:10.000,06/01/2025,Palla recuperata,bara,nic,ricky,fabri,erick,fabri,,0,,,
Tiro (12),0:41:07.633,0:00:07.000,06/01/2025,Tiro,bara,nic,ricky,fabri,erick,erick,Ribattuto,5,Noi,Sx,
Fallo (2),0:41:20.766,0:00:04.000,06/01/2025,Fallo,bara,nic,ricky,fabri,erick,fabri,,0,Noi,,
Ammonizione (2),0:41:22.300,0:00:10.000,06/01/2025,Ammonizione,bara,nic,ricky,fabri,erick,fabri,,,Noi,,
Espulsione (1),0:41:29.533,0:00:10.000,06/01/2025,Espulsione,bara,nic,ricky,fabri,erick,fabri,,,Noi,,
Punizione (2),0:42:16.433,0:00:06.000,06/01/2025,Punizione,bara,nic,ricky,fabri,erick,,,0,Loro,Sx,
4v3 (1),0:42:22.400,0:00:10.000,06/01/2025,4v3,bara,nic,ricky,fabri,erick,,,,Loro,,
Fallo (3),0:42:30.800,0:00:04.000,06/01/2025,Fallo,bara,zanna,digao,scanta,,scanta,,4,Noi,,
Punizione (3),0:43:07.000,0:00:06.000,06/01/2025,Punizione,bara,azza,digao,scanta,,,,4,Loro,,
Tiro (13),0:43:07.133,0:00:07.000,06/01/2025,Tiro,bara,azza,digao,scanta,,,Gol,5,Loro,,
Gol (3),0:43:13.133,0:00:07.000,06/01/2025,Gol,bara,azza,digao,scanta,,,,5,Loro,Sx,
Inizio (4),0:43:33.400,0:00:10.000,06/01/2025,Inizio,bara,deba,scanta,zanna,mattia,,,,,,
Laterale (28),0:44:04.600,0:00:07.000,06/01/2025,Laterale,bara,deba,scanta,zanna,mattia,,,9,Noi,,
Tiro (14),0:44:32.200,0:00:07.000,06/01/2025,Tiro,bara,deba,scanta,zanna,mattia,,Fuori,5,Loro,Dx,
Palla persa (13),0:44:58.700,0:00:10.000,06/01/2025,Palla persa,bara,deba,scanta,zanna,mattia,deba,Fuori,3,,,
Laterale (29),0:45:04.766,0:00:07.000,06/01/2025,Laterale,bara,deba,scanta,zanna,mattia,,,0,Noi,,
Palla persa (14),0:45:18.133,0:00:10.000,06/01/2025,Palla persa,bara,deba,scanta,zanna,mattia,deba,Fuori,0,,,
Laterale (30),0:45:24.266,0:00:07.000,06/01/2025,Laterale,bara,deba,scanta,zanna,mattia,,,0,Noi,,
Fallo (4),0:45:40.133,0:00:04.000,06/01/2025,Fallo,bara,deba,scanta,zanna,mattia,,,6,Loro,,
Punizione (4),0:45:57.866,0:00:06.000,06/01/2025,Punizione,bara,deba,scanta,zanna,mattia,mattia,,6,Noi,Sx,
Tiro (15),0:46:11.733,0:00:07.000,06/01/2025,Tiro,bara,deba,scanta,zanna,mattia,mattia,Parata,6,Noi,Sx,
Laterale (31),0:46:23.866,0:00:07.000,06/01/2025,Laterale,bara,deba,scanta,zanna,mattia,,,4,Noi,,
Palla persa (15),0:46:32.966,0:00:10.000,06/01/2025,Palla persa,bara,deba,scanta,zanna,mattia,mattia,Costruzione,0,,,
Laterale (32),0:47:09.233,0:00:07.000,06/01/2025,Laterale,bara,deba,scanta,zanna,mattia,,,6,Noi,,
Palla persa (16),0:47:16.100,0:00:10.000,06/01/2025,Palla persa,bara,deba,scanta,zanna,mattia,deba,Costruzione,0,,,
Laterale (33),0:48:06.466,0:00:07.000,06/01/2025,Laterale,bara,deba,scanta,zanna,mattia,,,0,Loro,,
Palla recuperata (14),0:48:12.733,0:00:10.000,06/01/2025,Palla recuperata,bara,deba,scanta,zanna,mattia,giovi,Costruzione,0,,,
Tiro (16),0:48:18.700,0:00:07.000,06/01/2025,Tiro,bara,deba,scanta,zanna,mattia,mattia,Ribattuto,6,Noi,Sx,
Angolo (4),0:48:28.166,0:00:08.000,06/01/2025,Angolo,bara,deba,scanta,zanna,mattia,,,,Noi,,
Angolo (5),0:48:51.133,0:00:08.000,06/01/2025,Angolo,bara,deba,scanta,zanna,mattia,,,,Noi,,
Laterale (34),0:49:10.933,0:00:07.000,06/01/2025,Laterale,bara,deba,scanta,zanna,mattia,,,0,Loro,,
Tiro (17),0:49:18.400,0:00:07.000,06/01/2025,Tiro,bara,deba,scanta,zanna,mattia,,Ribattuto,6,Loro,Dx,
Laterale (35),0:49:34.866,0:00:07.000,06/01/2025,Laterale,bara,deba,scanta,zanna,mattia,,,9,Loro,,
Palla recuperata (15),0:49:41.733,0:00:10.000,06/01/2025,Palla recuperata,bara,deba,scanta,zanna,mattia,mattia,,4,,,
Palla persa (17),0:49:45.300,0:00:10.000,06/01/2025,Palla persa,bara,deba,scanta,zanna,mattia,mattia,,0,,,
Palla recuperata (16),0:49:47.800,0:00:10.000,06/01/2025,Palla recuperata,bara,deba,scanta,zanna,mattia,scanta,,2,,,
Palla persa (19),0:49:53.133,0:00:10.000,06/01/2025,Palla persa,bara,deba,scanta,zanna,mattia,deba,Costruzione,0,,,
Palla persa (18),0:49:53.700,0:00:10.000,06/01/2025,Palla persa,bara,deba,scanta,zanna,mattia,zanna,Costruzione,0,,,
Palla recuperata (18),0:49:55.133,0:00:10.000,06/01/2025,Palla recuperata,bara,deba,scanta,zanna,mattia,zanna,,4,,,
Palla recuperata (17),0:49:55.833,0:00:10.000,06/01/2025,Palla recuperata,bara,deba,scanta,zanna,mattia,deba,,4,,,
Fallo (5),0:50:00.200,0:00:04.000,06/01/2025,Fallo,bara,deba,scanta,zanna,mattia,,,4,Loro,,
Ammonizione (3),0:50:00.700,0:00:10.000,06/01/2025,Ammonizione,bara,deba,scanta,zanna,mattia,,,,Loro,,
Punizione (5),0:50:39.200,0:00:06.000,06/01/2025,Punizione,bara,deba,scanta,erick,mattia,deba,,4,Noi,Dx,
Tiro (18),0:50:41.333,0:00:07.000,06/01/2025,Tiro,bara,deba,scanta,erick,mattia,mattia,Ribattuto,5,Noi,Sx,
Angolo (6),0:51:00.600,0:00:08.000,06/01/2025,Angolo,bara,deba,scanta,erick,mattia,,,,Noi,,
Tiro (19),0:51:00.833,0:00:07.000,06/01/2025,Tiro,bara,deba,scanta,erick,mattia,deba,Ribattuto,5,Noi,Dx,
Palla persa (20),0:51:21.833,0:00:10.000,06/01/2025,Palla persa,bara,deba,scanta,erick,mattia,scanta,Costruzione,0,,,
Laterale (36),0:52:10.700,0:00:07.000,06/01/2025,Laterale,bara,deba,scanta,erick,mattia,,,1,Loro,,
Palla recuperata (19),0:52:19.600,0:00:10.000,06/01/2025,Palla recuperata,bara,deba,scanta,erick,mattia,mattia,Fuori,4,,,
Tiro (20),0:52:33.833,0:00:07.000,06/01/2025,Tiro,bara,deba,scanta,erick,mattia,,Fuori,5,Loro,Dx,
Laterale (37),0:52:51.300,0:00:07.000,06/01/2025,Laterale,bara,deba,erick,nic,ricky,,,0,Loro,,
Fallo (6),0:53:02.533,0:00:04.000,06/01/2025,Fallo,bara,deba,erick,nic,ricky,,,2,Loro,,
Punizione (6),0:53:08.766,0:00:06.000,06/01/2025,Punizione,bara,digao,erick,nic,ricky,,,0,Noi,Dx,
Tiro (21),0:53:15.466,0:00:07.000,06/01/2025,Tiro,bara,digao,erick,nic,ricky,digao,Fuori,5,Noi,Dx,
Angolo (7),0:54:05.533,0:00:08.000,06/01/2025,Angolo,bara,digao,erick,nic,ricky,,,,Noi,,
Tiro (22),0:54:05.666,0:00:07.000,06/01/2025,Tiro,bara,digao,erick,nic,ricky,ricky,Ribattuto,5,Noi,,
Laterale (38),0:54:30.666,0:00:07.000,06/01/2025,Laterale,bara,digao,erick,nic,ricky,,,9,Noi,,
Tiro (23),0:54:42.966,0:00:07.000,06/01/2025,Tiro,bara,digao,erick,nic,ricky,,Fuori,9,Noi,Sx,
Laterale (39),0:55:01.133,0:00:07.000,06/01/2025,Laterale,bara,digao,erick,nic,ricky,,,0,Loro,,
Laterale (40),0:55:23.266,0:00:07.000,06/01/2025,Laterale,bara,digao,erick,nic,ricky,,,0,Noi,,
Palla persa (21),0:55:43.433,0:00:10.000,06/01/2025,Palla persa,bara,digao,erick,nic,ricky,giovi,Costruzione,0,,,
Fine primo tempo (1),0:55:52.300,0:00:10.000,06/01/2025,Fine primo tempo,bara,digao,erick,nic,ricky,,,,,,
Inizio (5),1:05:08.233,0:00:10.000,06/01/2025,Inizio,bara,deba,mattia,zanna,scanta,,,,,,
Palla persa (22),1:05:22.566,0:00:10.000,06/01/2025,Palla persa,,deba,mattia,zanna,scanta,zanna,,5,,,
Lancio (3),1:05:28.100,0:00:10.000,06/01/2025,Lancio,,deba,mattia,zanna,scanta,,,,Noi,,
Palla persa (23),1:05:35.500,0:00:10.000,06/01/2025,Palla persa,,deba,mattia,zanna,scanta,scanta,Costruzione,0,,,
Laterale (41),1:05:50.500,0:00:07.000,06/01/2025,Laterale,bara,deba,mattia,zanna,scanta,,,0,Noi,,
Laterale (42),1:05:57.700,0:00:07.000,06/01/2025,Laterale,bara,deba,mattia,zanna,scanta,,,1,Noi,,
Fallo (7),1:06:12.366,0:00:04.000,06/01/2025,Fallo,bara,deba,mattia,zanna,scanta,scanta,,7,Loro,,
Punizione (7),1:06:41.833,0:00:06.000,06/01/2025,Punizione,bara,deba,mattia,scanta,erick,deba,Gol,7,Noi,Dx,
Gol (4),1:06:44.366,0:00:07.000,06/01/2025,Gol,bara,deba,mattia,scanta,erick,deba,,7,Noi,Dx,
Inizio avversario (2),1:07:07.566,0:00:10.000,06/01/2025,Inizio avversario,bara,deba,mattia,scanta,zanna,,,,,,
Laterale (43),1:07:24.433,0:00:07.000,06/01/2025,Laterale,bara,deba,mattia,scanta,zanna,,,3,Noi,,
Palla recuperata (20),1:07:41.966,0:00:10.000,06/01/2025,Palla recuperata,bara,deba,mattia,scanta,zanna,scanta,Fuori,0,,,
Laterale (44),1:07:47.900,0:00:07.000,06/01/2025,Laterale,bara,deba,mattia,scanta,zanna,,,0,Loro,,
Palla recuperata (21),1:07:52.866,0:00:10.000,06/01/2025,Palla recuperata,bara,deba,mattia,scanta,zanna,deba,Costruzione,0,,,
Laterale (45),1:08:07.766,0:00:07.000,06/01/2025,Laterale,bara,deba,mattia,scanta,zanna,,,0,Noi,,
Laterale (46),1:08:25.866,0:00:07.000,06/01/2025,Laterale,,deba,mattia,scanta,zanna,,,4,Noi,,
Tiro (24),1:08:27.266,0:00:07.000,06/01/2025,Tiro,,deba,mattia,scanta,zanna,mattia,Ribattuto,1,Noi,Sx,
Angolo (8),1:08:58.000,0:00:08.000,06/01/2025,Angolo,,deba,mattia,scanta,zanna,,,,Noi,,
Tiro (25),1:08:58.066,0:00:07.000,06/01/2025,Tiro,,deba,mattia,scanta,zanna,zanna,Fuori,2,Noi,Dx,
Laterale (47),1:09:10.466,0:00:07.000,06/01/2025,Laterale,,deba,mattia,scanta,zanna,,,0,Loro,,
Palla persa (24),1:09:30.000,0:00:10.000,06/01/2025,Palla persa,,deba,mattia,scanta,zanna,zanna,Fuori,0,,,
Laterale (48),1:09:40.066,0:00:07.000,06/01/2025,Laterale,,deba,mattia,scanta,zanna,,,0,Loro,,
Tiro (26),1:10:14.266,0:00:07.000,06/01/2025,Tiro,,deba,mattia,scanta,zanna,deba,Ribattuto,8,Loro,Dx,
Angolo (9),1:10:29.433,0:00:08.000,06/01/2025,Angolo,,deba,mattia,scanta,zanna,,,,Loro,,
Palla recuperata (22),1:10:33.633,0:00:10.000,06/01/2025,Palla recuperata,,deba,mattia,scanta,zanna,deba,,0,,,
Laterale (49),1:10:49.800,0:00:07.000,06/01/2025,Laterale,bara,ricky,nic,scanta,digao,,,0,Noi,,
Laterale (50),1:11:04.433,0:00:07.000,06/01/2025,Laterale,bara,ricky,nic,scanta,digao,,,6,Noi,,
Angolo (10),1:11:23.100,0:00:08.000,06/01/2025,Angolo,bara,ricky,nic,scanta,digao,,,,Noi,,
Palla persa (25),1:11:25.933,0:00:10.000,06/01/2025,Palla persa,bara,ricky,nic,scanta,digao,nic,Ripartenza,0,,,
Palla recuperata (23),1:11:30.166,0:00:10.000,06/01/2025,Palla recuperata,bara,ricky,nic,scanta,digao,digao,Costruzione,0,,,
Palla persa (26),1:11:39.800,0:00:10.000,06/01/2025,Palla persa,bara,ricky,nic,scanta,digao,nic,Ripartenza,0,,,
3v2 (9),1:11:42.300,0:00:10.000,06/01/2025,,bara,ricky,nic,scanta,digao,,No Gol,,Loro,,3v2
Palla recuperata (24),1:11:47.066,0:00:10.000,06/01/2025,Palla recuperata,bara,ricky,nic,scanta,digao,digao,Costruzione,0,,,
Palla persa (27),1:11:57.666,0:00:10.000,06/01/2025,Palla persa,bara,ricky,nic,scanta,digao,nic,Fuori,0,,,
Ammonizione (4),1:12:04.133,0:00:10.000,06/01/2025,Ammonizione,bara,ricky,nic,scanta,digao,,,,Noi,,
Laterale (51),1:12:22.766,0:00:07.000,06/01/2025,Laterale,bara,ricky,nic,scanta,digao,,,1,Noi,,
Laterale (52),1:12:58.133,0:00:07.000,06/01/2025,Laterale,bara,ricky,nic,scanta,digao,,,1,Loro,,
Palla persa (28),1:13:08.566,0:00:10.000,06/01/2025,Palla persa,bara,ricky,nic,scanta,digao,digao,Costruzione,6,,,
Tiro (27),1:13:15.766,0:00:07.000,06/01/2025,Tiro,bara,ricky,nic,scanta,digao,,Parata,8,Loro,Dx,
Tiro (28),1:13:55.700,0:00:07.000,06/01/2025,Tiro,bara,ricky,nic,scanta,digao,digao,Parata,2,Noi,Dx,
Laterale (53),1:14:12.200,0:00:07.000,06/01/2025,Laterale,bara,ricky,nic,scanta,digao,,,6,Noi,,
Laterale (54),1:14:27.500,0:00:07.000,06/01/2025,Laterale,bara,ricky,nic,scanta,digao,,,6,Noi,,
Palla persa (29),1:14:31.333,0:00:10.000,06/01/2025,Palla persa,bara,ricky,nic,scanta,digao,scanta,Ripartenza,0,,,
1v1 (2),1:14:33.100,0:00:10.000,06/01/2025,,bara,ricky,nic,scanta,digao,,No Gol,,Loro,,1v1
Palla persa (30),1:14:47.400,0:00:10.000,06/01/2025,Palla persa,bara,ricky,nic,scanta,digao,nic,Fuori,2,,,
Laterale (55),1:14:51.133,0:00:07.000,06/01/2025,Laterale,bara,ricky,nic,scanta,digao,,,0,Loro,,
Palla recuperata (25),1:15:03.033,0:00:10.000,06/01/2025,Palla recuperata,bara,ricky,nic,scanta,digao,ricky,Costruzione,1,,,
Laterale (56),1:15:32.600,0:00:07.000,06/01/2025,Laterale,bara,ricky,nic,digao,diego jr,,,6,Noi,,
Tiro (29),1:15:33.800,0:00:07.000,06/01/2025,Tiro,bara,ricky,nic,digao,diego jr,nic,Ribattuto,2,Noi,Sx,
Tiro (30),1:15:48.233,0:00:07.000,06/01/2025,Tiro,bara,ricky,nic,digao,diego jr,,Ribattuto,2,Loro,Dx,
Laterale (57),1:15:53.966,0:00:07.000,06/01/2025,Laterale,bara,ricky,nic,digao,diego jr,,,3,Loro,,
Laterale (58),1:16:08.866,0:00:07.000,06/01/2025,Laterale,bara,ricky,nic,digao,diego jr,,,,Noi,,
Tiro (31),1:16:23.133,0:00:07.000,06/01/2025,Tiro,bara,ricky,nic,digao,diego jr,nic,Parata,7,Noi,Dx,
Laterale (59),1:16:36.700,0:00:07.000,06/01/2025,Laterale,bara,ricky,nic,digao,diego jr,,,0,Loro,,
Integrazione portier (1),1:16:37.066,0:00:10.000,06/01/2025,Integrazione portier,bara,ricky,nic,digao,diego jr,,,,Loro,,
Palla recuperata (26),1:16:54.700,0:00:10.000,06/01/2025,Palla recuperata,bara,ricky,nic,diego jr,zanna,zanna,,0,,,
Palla persa (31),1:16:59.033,0:00:10.000,06/01/2025,Palla persa,bara,ricky,nic,diego jr,zanna,diego jr,Costruzione,3,,,
Palla recuperata (27),1:17:10.666,0:00:10.000,06/01/2025,Palla recuperata,bara,ricky,nic,diego jr,zanna,nic,,0,,,
Palla persa (32),1:17:16.433,0:00:10.000,06/01/2025,Palla persa,bara,ricky,nic,diego jr,zanna,ricky,,0,,,
Parata (3),1:17:21.866,0:00:10.000,06/01/2025,Parata,bara,ricky,nic,diego jr,zanna,,,,Noi,,
Laterale (60),1:17:41.433,0:00:07.000,06/01/2025,Laterale,bara,zanna,deba,diego jr,mattia,,,0,Loro,,
Laterale (61),1:17:57.500,0:00:07.000,06/01/2025,Laterale,bara,zanna,deba,diego jr,mattia,,,0,Noi,,
Tiro (32),1:18:16.900,0:00:07.000,06/01/2025,Tiro,bara,zanna,deba,diego jr,mattia,diego jr,Parata,9,Noi,Dx,
Tiro (33),1:18:18.033,0:00:07.000,06/01/2025,Tiro,bara,zanna,deba,diego jr,mattia,mattia,Fuori,2,Noi,Sx,
Fallo (8),1:19:18.966,0:00:04.000,06/01/2025,Fallo,bara,zanna,deba,diego jr,mattia,,,0,Loro,,
Punizione (8),1:19:36.433,0:00:06.000,06/01/2025,Punizione,bara,zanna,deba,diego jr,mattia,deba,,0,Noi,Dx,
Palla persa (33),1:19:50.433,0:00:10.000,06/01/2025,Palla persa,bara,zanna,deba,diego jr,mattia,diego jr,Costruzione,0,,,
Fallo (9),1:19:57.200,0:00:04.000,06/01/2025,Fallo,bara,zanna,deba,diego jr,mattia,diego jr,,0,Noi,,
Parata (4),1:20:20.900,0:00:10.000,06/01/2025,Parata,bara,digao,deba,diego jr,mattia,,,,Noi,,
Laterale (62),1:20:30.566,0:00:07.000,06/01/2025,Laterale,bara,digao,deba,diego jr,mattia,,,6,Loro,,
Palla recuperata (28),1:20:35.333,0:00:10.000,06/01/2025,Palla recuperata,bara,digao,deba,diego jr,mattia,deba,Fuori,9,,,
Laterale (63),1:20:41.966,0:00:07.000,06/01/2025,Laterale,bara,digao,deba,diego jr,mattia,,,0,Noi,,
Palla persa (34),1:20:55.266,0:00:10.000,06/01/2025,Palla persa,bara,digao,deba,diego jr,mattia,mattia,Ripartenza,2,,,
2v2 (1),1:20:56.300,0:00:10.000,06/01/2025,,bara,digao,deba,diego jr,mattia,,No Gol,,Loro,,2v2
Palla recuperata (29),1:20:57.966,0:00:10.000,06/01/2025,Palla recuperata,bara,digao,deba,diego jr,mattia,mattia,Fuori,0,,,
Laterale (64),1:21:21.900,0:00:07.000,06/01/2025,Laterale,bara,digao,deba,diego jr,mattia,,,4,Loro,,
Tiro (34),1:21:25.833,0:00:07.000,06/01/2025,Tiro,bara,digao,deba,diego jr,mattia,,Parata,4,Loro,Dx,
Angolo (11),1:21:46.333,0:00:08.000,06/01/2025,Angolo,bara,digao,deba,diego jr,mattia,,,,Loro,,
Palla recuperata (30),1:21:59.866,0:00:10.000,06/01/2025,Palla recuperata,bara,digao,deba,diego jr,mattia,mattia,Costruzione,0,,,
Palla persa (35),1:22:15.266,0:00:10.000,06/01/2025,Palla persa,bara,digao,deba,diego jr,mattia,digao,Ripartenza,0,,,
Fallo (10),1:22:17.000,0:00:04.000,06/01/2025,Fallo,bara,digao,deba,diego jr,mattia,digao,,,Loro,,
Punizione (9),1:22:59.533,0:00:06.000,06/01/2025,Punizione,bara,digao,deba,diego jr,mattia,deba,Parata,2,,Dx,
Laterale (65),1:23:08.333,0:00:07.000,06/01/2025,Laterale,bara,digao,deba,diego jr,mattia,,,0,Noi,,
Tiro (35),1:23:21.233,0:00:07.000,06/01/2025,Tiro,bara,digao,deba,diego jr,mattia,mattia,Parata,6,Noi,Sx,
Angolo (12),1:23:49.266,0:00:08.000,06/01/2025,Angolo,bara,digao,deba,diego jr,mattia,,,,Noi,,
Tiro (36),1:23:54.166,0:00:07.000,06/01/2025,Tiro,bara,digao,deba,diego jr,mattia,mattia,Ribattuto,7,Noi,,
Angolo (13),1:24:13.233,0:00:08.000,06/01/2025,Angolo,bara,digao,deba,diego jr,mattia,,,,Noi,,
Tiro (37),1:24:14.800,0:00:07.000,06/01/2025,Tiro,bara,digao,deba,diego jr,mattia,mattia,Fuori,5,Noi,Sx,
Palla recuperata (31),1:24:25.966,0:00:10.000,06/01/2025,Palla recuperata,bara,digao,deba,diego jr,mattia,deba,,5,,,
Tiro (38),1:24:44.366,0:00:07.000,06/01/2025,Tiro,bara,digao,deba,diego jr,mattia,,Ribattuto,5,Loro,Sx,
Laterale (66),1:24:52.100,0:00:07.000,06/01/2025,Laterale,bara,digao,deba,scanta,mattia,,,,Loro,,
Palla recuperata (32),1:25:03.233,0:00:10.000,06/01/2025,Palla recuperata,bara,digao,deba,scanta,mattia,mattia,Costruzione,0,,,
Angolo (14),1:25:03.866,0:00:08.000,06/01/2025,Angolo,bara,digao,deba,scanta,mattia,,,,Loro,,
Palla persa (36),1:25:17.566,0:00:10.000,06/01/2025,Palla persa,bara,digao,deba,scanta,mattia,mattia,Costruzione,0,,,
Tiro (39),1:25:31.866,0:00:07.000,06/01/2025,Tiro,bara,digao,deba,scanta,mattia,,Fuori,7,Loro,Sx,
Timeout (3),1:25:47.800,0:00:10.000,06/01/2025,Timeout,bara,digao,deba,scanta,mattia,,,,Noi,,
Palla persa (37),1:27:11.933,0:00:10.000,06/01/2025,Palla persa,bara,diego jr,deba,zanna,ricky,diego jr,,2,,,
Fallo (11),1:27:16.333,0:00:04.000,06/01/2025,Fallo,bara,diego jr,deba,zanna,ricky,diego jr,,2,Noi,,
Laterale (67),1:28:16.033,0:00:07.000,06/01/2025,Laterale,bara,diego jr,deba,zanna,ricky,,,0,Loro,,
Palla recuperata (33),1:28:20.166,0:00:10.000,06/01/2025,Palla recuperata,bara,diego jr,deba,zanna,ricky,deba,Fuori,2,,,
Laterale (68),1:28:25.466,0:00:07.000,06/01/2025,Laterale,bara,diego jr,deba,zanna,ricky,,,0,Loro,,
Palla recuperata (34),1:28:36.266,0:00:10.000,06/01/2025,Palla recuperata,bara,diego jr,deba,zanna,ricky,ricky,Tiro,0,,,
Tiro (40),1:28:42.333,0:00:07.000,06/01/2025,Tiro,bara,diego jr,deba,zanna,ricky,ricky,Fuori,2,Noi,Dx,
Palla recuperata (35),1:29:03.333,0:00:10.000,06/01/2025,Palla recuperata,bara,diego jr,deba,zanna,ricky,zanna,Tiro,5,,,
Tiro (41),1:29:08.700,0:00:07.000,06/01/2025,Tiro,bara,diego jr,deba,zanna,ricky,zanna,Parata,5,Noi,Sx,
Tiro (42),1:29:13.666,0:00:07.000,06/01/2025,Tiro,bara,diego jr,deba,zanna,ricky,zanna,Ribattuto,4,Noi,Sx,
2v1 (1),1:29:17.600,0:00:10.000,06/01/2025,,bara,diego jr,deba,zanna,ricky,,No Gol,,Loro,,2v1
5v4 (1),1:29:38.066,0:00:10.000,06/01/2025,5v4,bara,diego jr,deba,zanna,ricky,erick,,,Noi,,
Laterale (69),1:30:18.566,0:00:07.000,06/01/2025,Laterale,bara,diego jr,deba,zanna,ricky,,,0,Noi,,
5v4 (2),1:30:25.833,0:00:10.000,06/01/2025,5v4,bara,diego jr,deba,zanna,ricky,,,,Noi,,
Tiro (43),1:30:33.900,0:00:07.000,06/01/2025,Tiro,bara,diego jr,deba,zanna,ricky,zanna,Parata,4,Noi,Dx,
Tiro (44),1:30:34.600,0:00:07.000,06/01/2025,Tiro,bara,diego jr,deba,zanna,ricky,,Fuori,0,Loro,,
Lancio (4),1:30:50.733,0:00:10.000,06/01/2025,Lancio,bara,diego jr,deba,zanna,ricky,,Intercetto,,Noi,,
Laterale (70),1:31:00.900,0:00:07.000,06/01/2025,Laterale,bara,diego jr,deba,zanna,ricky,,,7,Noi,,
5v4 (3),1:31:06.300,0:00:10.000,06/01/2025,5v4,bara,diego jr,deba,zanna,ricky,,,,Noi,,
Tiro (45),1:31:11.700,0:00:07.000,06/01/2025,Tiro,bara,diego jr,deba,zanna,ricky,,Fuori,0,Loro,,
Laterale (71),1:31:34.100,0:00:07.000,06/01/2025,Laterale,bara,diego jr,deba,zanna,ricky,,,1,Noi,,
5v4 (5),1:31:47.833,0:00:10.000,06/01/2025,5v4,bara,diego jr,deba,ricky,mattia,,,,Noi,,
Tiro (46),1:31:59.233,0:00:07.000,06/01/2025,Tiro,bara,diego jr,deba,ricky,mattia,diego jr,Parata,8,Noi,Sx,
5v4 (4),1:32:10.500,0:00:10.000,06/01/2025,5v4,bara,diego jr,deba,ricky,mattia,,,,Noi,,
Tiro (47),1:32:15.466,0:00:07.000,06/01/2025,Tiro,bara,diego jr,deba,ricky,mattia,ricky,Ribattuto,4,Noi,Dx,
Laterale (72),1:32:21.600,0:00:07.000,06/01/2025,Laterale,bara,diego jr,deba,ricky,mattia,,,7,Noi,,
5v4 (6),1:32:25.766,0:00:10.000,06/01/2025,5v4,bara,diego jr,deba,ricky,mattia,,,,,,
Tiro (48),1:32:31.466,0:00:07.000,06/01/2025,Tiro,bara,diego jr,deba,ricky,mattia,mattia,Ribattuto,4,Noi,Sx,
Tiro (49),1:32:34.400,0:00:07.000,06/01/2025,Tiro,bara,diego jr,deba,ricky,mattia,,Ribattuto,0,Loro,Sx,
5v4 (7),1:32:42.400,0:00:10.000,06/01/2025,5v4,bara,diego jr,deba,ricky,mattia,,,,Noi,,
Palla persa (38),1:33:04.266,0:00:10.000,06/01/2025,Palla persa,bara,diego jr,deba,ricky,mattia,ricky,Ripartenza,0,,,
1v1 (3),1:33:12.800,0:00:10.000,06/01/2025,,bara,diego jr,deba,ricky,mattia,,Gol,,Loro,,1v1
Gol (5),1:33:14.066,0:00:07.000,06/01/2025,Gol,bara,diego jr,deba,ricky,mattia,,,5,Loro,Sx,
Inizio (6),1:34:24.833,0:00:10.000,06/01/2025,Inizio,bara,deba,ricky,mattia,scanta,,,,,,
5v4 (8),1:34:28.366,0:00:10.000,06/01/2025,5v4,bara,deba,ricky,mattia,scanta,,,,Noi,,
Tiro (50),1:34:53.766,0:00:07.000,06/01/2025,Tiro,bara,deba,ricky,mattia,scanta,mattia,Parata,9,Noi,Sx,
5v4 (9),1:35:04.700,0:00:10.000,06/01/2025,5v4,bara,deba,ricky,mattia,scanta,,,,Noi,,
5v4 (10),1:35:28.866,0:00:10.000,06/01/2025,5v4,bara,deba,ricky,mattia,scanta,,,,Noi,,
Tiro (51),1:35:36.166,0:00:07.000,06/01/2025,Tiro,bara,deba,ricky,mattia,scanta,erick,Ribattuto,6,Noi,Dx,
Tiro (52),1:35:38.500,0:00:07.000,06/01/2025,Tiro,bara,deba,ricky,mattia,scanta,,Gol,0,Loro,Sx,
Gol (6),1:35:43.266,0:00:07.000,06/01/2025,Gol,bara,deba,ricky,mattia,scanta,,,0,Loro,Sx,
5v4 (11),1:36:06.633,0:00:10.000,06/01/2025,5v4,bara,deba,ricky,mattia,scanta,,,,Noi,,
Laterale (73),1:36:20.300,0:00:07.000,06/01/2025,Laterale,bara,deba,ricky,mattia,scanta,,,6,Noi,,
Tiro (53),1:36:26.166,0:00:07.000,06/01/2025,Tiro,bara,deba,ricky,mattia,scanta,,Fuori,0,Noi,Dx,
Tiro (54),1:36:44.333,0:00:07.000,06/01/2025,Tiro,bara,deba,ricky,mattia,scanta,mattia,Fuori,5,Noi,Sx,
Timeout (4),1:36:55.200,0:00:10.000,06/01/2025,Timeout,bara,deba,ricky,mattia,scanta,,,,Loro,,
Palla recuperata (36),1:38:08.500,0:00:10.000,06/01/2025,Palla recuperata,bara,deba,ricky,mattia,scanta,deba,Fuori,0,,,
Laterale (74),1:38:11.133,0:00:07.000,06/01/2025,Laterale,bara,deba,ricky,mattia,scanta,,,0,Loro,,
Tiro (55),1:38:26.300,0:00:07.000,06/01/2025,Tiro,bara,deba,ricky,mattia,scanta,scanta,Fuori,7,Noi,Sx,
5v4 (12),1:38:51.033,0:00:10.000,06/01/2025,5v4,bara,deba,ricky,mattia,scanta,,,,Noi,,
Palla persa (39),1:39:01.833,0:00:10.000,06/01/2025,Palla persa,bara,deba,ricky,mattia,scanta,mattia,Tiro,0,,,
Tiro (56),1:39:05.133,0:00:07.000,06/01/2025,Tiro,bara,deba,ricky,mattia,scanta,,Ribattuto,0,Loro,Dx,
Laterale (75),1:39:11.366,0:00:07.000,06/01/2025,Laterale,bara,deba,ricky,mattia,scanta,,,,Loro,,
5v4 (13),1:39:17.533,0:00:10.000,06/01/2025,5v4,bara,deba,ricky,mattia,scanta,,,,Noi,,
Tiro (57),1:39:28.733,0:00:07.000,06/01/2025,Tiro,bara,deba,ricky,mattia,scanta,ricky,Ribattuto,4,Noi,Dx,
5v4 (14),1:39:55.966,0:00:10.000,06/01/2025,5v4,bara,deba,ricky,mattia,scanta,,,,Noi,,
Palla persa (40),1:39:59.933,0:00:10.000,06/01/2025,Palla persa,bara,deba,ricky,mattia,scanta,ricky,Tiro,0,,,
Tiro (58),1:40:06.733,0:00:07.000,06/01/2025,Tiro,bara,deba,ricky,mattia,scanta,,Fuori,1,Loro,Dx,
5v4 (15),1:40:20.966,0:00:10.000,06/01/2025,5v4,bara,mattia,scanta,deba,digao,,,,Noi,,
Angolo (15),1:40:31.700,0:00:08.000,06/01/2025,Angolo,bara,mattia,scanta,deba,digao,,,,Noi,,
Tiro (59),1:40:34.200,0:00:07.000,06/01/2025,Tiro,bara,mattia,scanta,deba,digao,mattia,Ribattuto,9,Noi,Sx,
Angolo (16),1:40:49.833,0:00:08.000,06/01/2025,Angolo,bara,mattia,scanta,deba,digao,,,,Noi,,
5v4 (16),1:40:54.233,0:00:10.000,06/01/2025,5v4,bara,mattia,scanta,deba,digao,,,,Noi,,
Tiro (60),1:41:04.533,0:00:07.000,06/01/2025,Tiro,bara,mattia,scanta,deba,digao,mattia,Fuori,6,Noi,Sx,
Laterale (76),1:41:25.833,0:00:07.000,06/01/2025,Laterale,bara,mattia,scanta,deba,digao,,,0,Noi,,
5v4 (17),1:41:34.266,0:00:10.000,06/01/2025,5v4,bara,mattia,scanta,deba,digao,,,,Noi,,
Palla persa (41),1:41:44.500,0:00:10.000,06/01/2025,Palla persa,bara,mattia,scanta,deba,digao,erick,Fuori,0,,,
5v4 (18),1:42:00.000,0:00:10.000,06/01/2025,5v4,bara,mattia,scanta,deba,digao,,,,Noi,,
Fine partita (1),1:42:04.133,0:00:10.000,06/01/2025,Fine partita,bara,mattia,scanta,deba,digao,,,,,,